{"cameraMode":{"drawMode":0,"name":"Shaded","section":"Shading Mode"},"sceneLighting":true,"audioPlay":false,"sceneViewState":{"showFog":true,"showMaterialUpdate":false,"showSkybox":true,"showFlares":true,"showImageEffects":true,"showParticleSystems":true},"in2DMode":false,"pivot":{"x":6.6404547691345219,"y":140.40296936035157,"z":82.25445556640625},"rotation":{"x":-0.3590993583202362,"y":0.07998763769865036,"z":0.030870335176587106,"w":0.9294441342353821},"size":1.779662847518921,"orthographic":false}