{"cameraMode":{"drawMode":0,"name":"Shaded","section":"Shading Mode"},"sceneLighting":false,"audioPlay":false,"sceneViewState":{"showFog":true,"showMaterialUpdate":false,"showSkybox":false,"showFlares":true,"showImageEffects":true,"showParticleSystems":true},"in2DMode":false,"pivot":{"x":-0.1830211877822876,"y":-0.032462477684020999,"z":0.43445515632629397},"rotation":{"x":-0.14264650642871858,"y":0.7761794328689575,"z":-0.1894528716802597,"w":-0.5843623876571655},"size":0.8660253882408142,"orthographic":false}