{"cameraMode":{"drawMode":0,"name":"Shaded","section":"Shading Mode"},"sceneLighting":false,"audioPlay":false,"sceneViewState":{"showFog":true,"showMaterialUpdate":false,"showSkybox":false,"showFlares":true,"showImageEffects":true,"showParticleSystems":true},"in2DMode":false,"pivot":{"x":3.274768352508545,"y":3.037606954574585,"z":-2.5076708793640138},"rotation":{"x":-0.16909725964069367,"y":0.45254069566726687,"z":-0.0878501683473587,"w":-0.8712514638900757},"size":0.8660253286361694,"orthographic":false}