{"cameraMode":{"drawMode":0,"name":"Shaded","section":"Shading Mode"},"sceneLighting":false,"audioPlay":false,"sceneViewState":{"showFog":true,"showMaterialUpdate":false,"showSkybox":false,"showFlares":true,"showImageEffects":true,"showParticleSystems":true},"in2DMode":false,"pivot":{"x":8.829999923706055,"y":1.0,"z":-1.1920928955078126e-7},"rotation":{"x":-0.19739332795143128,"y":0.046420056372880939,"z":-0.009370057843625546,"w":-0.9792488217353821},"size":1.2247449159622193,"orthographic":false}