{"cameraMode":{"drawMode":0,"name":"Shaded","section":"Shading Mode"},"sceneLighting":false,"audioPlay":false,"sceneViewState":{"showFog":true,"showMaterialUpdate":false,"showSkybox":false,"showFlares":true,"showImageEffects":true,"showParticleSystems":true},"in2DMode":false,"pivot":{"x":0.5755679607391357,"y":1.457617998123169,"z":0.8085684776306152},"rotation":{"x":-0.29245370626449587,"y":0.4967959523200989,"z":-0.18249507248401643,"w":-0.7965791821479797},"size":2.017839193344116,"orthographic":false}